Tinh_Thanh,Bac_Tieu_Thu,Gia_Tien
Hà Nội,Bậc 1 (0-10m³),8500.0
Hà Nội,Bậc 2 (10-20m³),9900.0
Hà Nội,Bậc 3 (20-30m³),16000.0
Hà Nội,Bậc 4 (>30m³),27000.0
Hải Phòng,Bậc 1 (0-10m³),10900.0
Hải Phòng,Bậc 2 (10-20m³),13500.0
Hải Phòng,Bậc 3 (20-30m³),18000.0
Hải Phòng,Bậc 4 (>30m³),21500.0
Đà Nẵng,Bậc 1 (0-10m³),4550.0
Đà Nẵng,Bậc 2 (10-20m³),5460.0
Đà Nẵng,Bậc 3 (20-30m³),5460.0
Đà Nẵng,Bậc 4 (>30m³),6810.0
Cần Thơ,Bậc 1 (0-10m³),9020.0
Cần Thơ,Bậc 2 (10-20m³),9020.0
Cần Thơ,Bậc 3 (20-30m³),9020.0
Cần Thơ,Bậc 4 (>30m³),9020.0
BR-VT,Bậc 1 (0-10m³),9400.0
BR-VT,Bậc 2 (10-20m³),12600.0
BR-VT,Bậc 3 (20-30m³),13500.0
BR-VT,Bậc 4 (>30m³),13500.0
